country,a,b,c,d,region
japan,59.97940788,64.70966708,47.31392109,48.96273266,asia
usa,48.45124421,59.45922238,53.21024345,69.63198883,america
uk,43.90959147,38.73938694,49.39567488,54.69871111,europe
china,58.83051143,43.79222118,52.67179985,42.45442268,asia
egypt,55.52174697,72.40067261,40.53477495,48.30552042,africa
